Nome,Patrimonio,CodigoInterno,NumeroSerie,IdentificacaoReserva,Categoria,Observacoes
METRALHADORA MTR 9MM,GEN-PAT-00021,GEN-INT-00021,00021,00021,METRALHADORA MTR 9MM,NORMAL
METRALHADORA MTR 9MM,GEN-PAT-02960,GEN-INT-02960,02960,02960,METRALHADORA MTR 9MM,NORMAL
METRALHADORA MTR 9MM,GEN-PAT-S/N,GEN-INT-S/N,S/N,S/N,METRALHADORA MTR 9MM,2
ESPINGARDA DE REPETIÇÃO MILITARY 3.0 RT CAL. 12,GEN-PAT-KPD4180525,GEN-INT-KPD4180525,KPD4180525,KPD4180525,ESPINGARDA DE REPETIÇÃO MILITARY 3.0 RT CAL. 12,Normal
ESPINGARDA DE REPETIÇÃO MILITARY 3.0 RT CAL. 12,GEN-PAT-KXF5131706,GEN-INT-KXF5131706,KXF5131706,KXF5131706,ESPINGARDA DE REPETIÇÃO MILITARY 3.0 RT CAL. 12,Normal
ESPINGARDA DE REPETIÇÃO MILITARY 3.0 RT CAL. 12,GEN-PAT-KXF5131731,GEN-INT-KXF5131731,KXF5131731,KXF5131731,ESPINGARDA DE REPETIÇÃO MILITARY 3.0 RT CAL. 12,Normal
ESPINGARDA DE REPETIÇÃO MILITARY 3.0 RT CAL. 12,GEN-PAT-KXE5131617,GEN-INT-KXE5131617,KXE5131617,KXE5131617,ESPINGARDA DE REPETIÇÃO MILITARY 3.0 RT CAL. 12,Normal
ESPINGARDA DE REPETIÇÃO MILITARY 3.0 RT CAL. 12,GEN-PAT-KXE5131550,GEN-INT-KXE5131550,KXE5131550,KXE5131550,ESPINGARDA DE REPETIÇÃO MILITARY 3.0 RT CAL. 12,Normal
ESPINGARDA DE REPETIÇÃO MILITARY 3.0 RT CAL. 12,GEN-PAT-KYE5198489,GEN-INT-KYE5198489,KYE5198489,KYE5198489,ESPINGARDA DE REPETIÇÃO MILITARY 3.0 RT CAL. 12,Normal
ESPINGARDA DE REPETIÇÃO MILITARY 3.0 RT CAL. 12,GEN-PAT-KYE5198524,GEN-INT-KYE5198524,KYE5198524,KYE5198524,ESPINGARDA DE REPETIÇÃO MILITARY 3.0 RT CAL. 12,Normal
ESPINGARDA DE REPETIÇÃO MILITARY 3.0 RT CAL. 12,GEN-PAT-KYE5198516,GEN-INT-KYE5198516,KYE5198516,KYE5198516,ESPINGARDA DE REPETIÇÃO MILITARY 3.0 RT CAL. 12,Normal
ESPINGARDA DE REPETIÇÃO MILITARY 3.0 RT CAL. 12,GEN-PAT-S/N,GEN-INT-S/N,S/N,S/N,ESPINGARDA DE REPETIÇÃO MILITARY 3.0 RT CAL. 12,08
FUZIL 762,GEN-PAT-62095,GEN-INT-62095,62095,62095,FUZIL 762,NORMAL
FUZIL 762,GEN-PAT-65184,GEN-INT-65184,65184,65184,FUZIL 762,NORMAL
FUZIL 762,GEN-PAT-68626,GEN-INT-68626,68626,68626,FUZIL 762,NORMAL
FUZIL 762,GEN-PAT-69278,GEN-INT-69278,69278,69278,FUZIL 762,NORMAL
FUZIL 762,GEN-PAT-69468,GEN-INT-69468,69468,69468,FUZIL 762,NORMAL
FUZIL 762,GEN-PAT-69961,GEN-INT-69961,69961,69961,FUZIL 762,NORMAL
FUZIL 762,GEN-PAT-70040,GEN-INT-70040,70040,70040,FUZIL 762,NORMAL
FUZIL 762,GEN-PAT-75458,GEN-INT-75458,75458,75458,FUZIL 762,NORMAL
FUZIL 762,GEN-PAT-80037,GEN-INT-80037,80037,80037,FUZIL 762,NORMAL
FUZIL 762,GEN-PAT-88507,GEN-INT-88507,88507,88507,FUZIL 762,NORMAL
FUZIL 762,GEN-PAT-93105,GEN-INT-93105,93105,93105,FUZIL 762,NORMAL
FUZIL 762,GEN-PAT-93109,GEN-INT-93109,93109,93109,FUZIL 762,NORMAL
FUZIL 762,GEN-PAT-107501,GEN-INT-107501,107501,107501,FUZIL 762,NORMAL
FUZIL 762,GEN-PAT-107513,GEN-INT-107513,107513,107513,FUZIL 762,NORMAL
FUZIL 762,GEN-PAT-66169,GEN-INT-66169,66169,66169,FUZIL 762,NORMAL
FUZIL 762,GEN-PAT-93819,GEN-INT-93819,93819,93819,FUZIL 762,NORMAL
FUZIL 762,GEN-PAT-83205,GEN-INT-83205,83205,83205,FUZIL 762,NORMAL
FUZIL 762,GEN-PAT-62029,GEN-INT-62029,62029,62029,FUZIL 762,NORMAL
FUZIL 762,GEN-PAT-S/N,GEN-INT-S/N,S/N,S/N,FUZIL 762,21
BAIONETAS,GEN-PAT-63263,GEN-INT-63263,63263,63263,BAIONETAS,NORMAL
BAIONETAS,GEN-PAT-65184,GEN-INT-65184,65184,65184,BAIONETAS,NORMAL
BAIONETAS,GEN-PAT-65906,GEN-INT-65906,65906,65906,BAIONETAS,NORMAL
BAIONETAS,GEN-PAT-65920,GEN-INT-65920,65920,65920,BAIONETAS,NORMAL
BAIONETAS,GEN-PAT-67425,GEN-INT-67425,67425,67425,BAIONETAS,NORMAL
BAIONETAS,GEN-PAT-69768,GEN-INT-69768,69768,69768,BAIONETAS,NORMAL
BAIONETAS,GEN-PAT-77678,GEN-INT-77678,77678,77678,BAIONETAS,NORMAL
BAIONETAS,GEN-PAT-83922,GEN-INT-83922,83922,83922,BAIONETAS,NORMAL
BAIONETAS,GEN-PAT-89399,GEN-INT-89399,89399,89399,BAIONETAS,NORMAL
BAIONETAS,GEN-PAT-106047,GEN-INT-106047,106047,106047,BAIONETAS,NORMAL
BAIONETAS,GEN-PAT-102208,GEN-INT-102208,102208,102208,BAIONETAS,NORMAL
BAIONETAS,GEN-PAT-S/N,GEN-INT-S/N,S/N,S/N,BAIONETAS,11
PISTOLA SPARK Z 2.0,GEN-PAT-SC0011409,GEN-INT-SC0011409,SC0011409,SC0011409,PISTOLA SPARK Z 2.0,NOVA
PISTOLA SPARK Z 2.0,GEN-PAT-S/N,GEN-INT-S/N,S/N,S/N,PISTOLA SPARK Z 2.0,01
FUZIL 762 AR-10,GEN-PAT-10-000545,GEN-INT-10-000545,10-000545,10-000545,FUZIL 762 AR-10,NORMAL
FUZIL 762 AR-10,GEN-PAT-10-000547,GEN-INT-10-000547,10-000547,10-000547,FUZIL 762 AR-10,NORMAL
FUZIL 762 AR-10,GEN-PAT-S/N,GEN-INT-S/N,S/N,S/N,FUZIL 762 AR-10,02
FUZIL CAL. 5.56 MD-97,GEN-PAT-S/N,GEN-INT-S/N,S/N,S/N,FUZIL CAL. 5.56 MD-97,01
CARABINA CAL. 5.56 MD-97,GEN-PAT-JAA 00772,GEN-INT-JAA 00772,JAA 00772,JAA 00772,CARABINA CAL. 5.56 MD-97,NORMAL
CARABINA CAL. 5.56 MD-97,GEN-PAT-JAA 00227,GEN-INT-JAA 00227,JAA 00227,JAA 00227,CARABINA CAL. 5.56 MD-97,NORMAL
CARABINA CAL. 5.56 MD-97,GEN-PAT-JAA 01721,GEN-INT-JAA 01721,JAA 01721,JAA 01721,CARABINA CAL. 5.56 MD-97,NORMAL
CARABINA CAL. 5.56 MD-97,GEN-PAT-S/N,GEN-INT-S/N,S/N,S/N,CARABINA CAL. 5.56 MD-97,03
CARABINA 556 IA2,GEN-PAT-JFA04965,GEN-INT-JFA04965,JFA04965,JFA04965,CARABINA 556 IA2,NORMAL
CARABINA 556 IA2,GEN-PAT-JFA10279,GEN-INT-JFA10279,JFA10279,JFA10279,CARABINA 556 IA2,NORMAL
CARABINA 556 IA2,GEN-PAT-JFA10212,GEN-INT-JFA10212,JFA10212,JFA10212,CARABINA 556 IA2,NORMAL
CARABINA 556 IA2,GEN-PAT-JFA10266,GEN-INT-JFA10266,JFA10266,JFA10266,CARABINA 556 IA2,NORMAL
CARABINA 556 IA2,GEN-PAT-JFA10216,GEN-INT-JFA10216,JFA10216,JFA10216,CARABINA 556 IA2,NORMAL
CARABINA 556 IA2,GEN-PAT-JFA10274,GEN-INT-JFA10274,JFA10274,JFA10274,CARABINA 556 IA2,NORMAL
CARABINA 556 IA2,GEN-PAT-JFA11806,GEN-INT-JFA11806,JFA11806,JFA11806,CARABINA 556 IA2,NORMAL
CARABINA 556 IA2,GEN-PAT-JFA11830,GEN-INT-JFA11830,JFA11830,JFA11830,CARABINA 556 IA2,NORMAL
CARABINA 556 IA2,GEN-PAT-JFA11840,GEN-INT-JFA11840,JFA11840,JFA11840,CARABINA 556 IA2,NORMAL
CARABINA 556 IA2,GEN-PAT-S/N,GEN-INT-S/N,S/N,S/N,CARABINA 556 IA2,10
CARABINA CAL. 5.56 M-15,GEN-PAT-15-005879A,GEN-INT-15-005879A,15-005879A,15-005879A,CARABINA CAL. 5.56 M-15,NORMAL
CARABINA CAL. 5.56 M-15,GEN-PAT-15-005880A,GEN-INT-15-005880A,15-005880A,15-005880A,CARABINA CAL. 5.56 M-15,NORMAL
CARABINA CAL. 5.56 M-15,GEN-PAT-S/N,GEN-INT-S/N,S/N,S/N,CARABINA CAL. 5.56 M-15,03
SUB-METRALHADORA .40,GEN-PAT-HN 05806,GEN-INT-HN 05806,HN 05806,HN 05806,SUB-METRALHADORA .40,NORMAL
SUB-METRALHADORA .40,GEN-PAT-HNO 5807,GEN-INT-HNO 5807,HNO 5807,HNO 5807,SUB-METRALHADORA .40,NORMAL
SUB-METRALHADORA .40,GEN-PAT-HNO 5812,GEN-INT-HNO 5812,HNO 5812,HNO 5812,SUB-METRALHADORA .40,NORMAL
SUB-METRALHADORA .40,GEN-PAT-HNO 5814,GEN-INT-HNO 5814,HNO 5814,HNO 5814,SUB-METRALHADORA .40,NORMAL
SUB-METRALHADORA .40,GEN-PAT-HNO 5833,GEN-INT-HNO 5833,HNO 5833,HNO 5833,SUB-METRALHADORA .40,NORMAL
SUB-METRALHADORA .40,GEN-PAT-HNO 5834,GEN-INT-HNO 5834,HNO 5834,HNO 5834,SUB-METRALHADORA .40,NORMAL
SUB-METRALHADORA .40,GEN-PAT-HNO 5846,GEN-INT-HNO 5846,HNO 5846,HNO 5846,SUB-METRALHADORA .40,NORMAL
SUB-METRALHADORA .40,GEN-PAT-HNO 5994,GEN-INT-HNO 5994,HNO 5994,HNO 5994,SUB-METRALHADORA .40,NORMAL
SUB-METRALHADORA .40,GEN-PAT-HNO 5995,GEN-INT-HNO 5995,HNO 5995,HNO 5995,SUB-METRALHADORA .40,NORMAL
SUB-METRALHADORA .40,GEN-PAT-HNO 5996,GEN-INT-HNO 5996,HNO 5996,HNO 5996,SUB-METRALHADORA .40,NORMAL
SUB-METRALHADORA .40,GEN-PAT-HNO 5998,GEN-INT-HNO 5998,HNO 5998,HNO 5998,SUB-METRALHADORA .40,NORMAL
SUB-METRALHADORA .40,GEN-PAT-HNO 5999,GEN-INT-HNO 5999,HNO 5999,HNO 5999,SUB-METRALHADORA .40,NORMAL
SUB-METRALHADORA .40,GEN-PAT-HNO 6000,GEN-INT-HNO 6000,HNO 6000,HNO 6000,SUB-METRALHADORA .40,NORMAL
SUB-METRALHADORA .40,GEN-PAT-HNO 6009,GEN-INT-HNO 6009,HNO 6009,HNO 6009,SUB-METRALHADORA .40,NORMAL
SUB-METRALHADORA .40,GEN-PAT-HNO 6011,GEN-INT-HNO 6011,HNO 6011,HNO 6011,SUB-METRALHADORA .40,NORMAL
SUB-METRALHADORA .40,GEN-PAT-HNO 6024,GEN-INT-HNO 6024,HNO 6024,HNO 6024,SUB-METRALHADORA .40,NORMAL
SUB-METRALHADORA .40,GEN-PAT-HNO 6028,GEN-INT-HNO 6028,HNO 6028,HNO 6028,SUB-METRALHADORA .40,NORMAL
SUB-METRALHADORA .40,GEN-PAT-HNO 6035,GEN-INT-HNO 6035,HNO 6035,HNO 6035,SUB-METRALHADORA .40,NORMAL
SUB-METRALHADORA .40,GEN-PAT-S/N,GEN-INT-S/N,S/N,S/N,SUB-METRALHADORA .40,18
CARABINA CT .40,GEN-PAT-CX10599,GEN-INT-CX10599,CX10599,CX10599,CARABINA CT .40,NORMAL
CARABINA CT .40,GEN-PAT-CX10600,GEN-INT-CX10600,CX10600,CX10600,CARABINA CT .40,NORMAL
CARABINA CT .40,GEN-PAT-CX10617,GEN-INT-CX10617,CX10617,CX10617,CARABINA CT .40,NORMAL
CARABINA CT .40,GEN-PAT-S/N,GEN-INT-S/N,S/N,S/N,CARABINA CT .40,03
PISTOLAS IMBEL GCMD1,GEN-PAT-00179,GEN-INT-00179,00179,00179,PISTOLAS IMBEL GCMD1,NORMAL
PISTOLAS IMBEL GCMD1,GEN-PAT-00248,GEN-INT-00248,00248,00248,PISTOLAS IMBEL GCMD1,NORMAL
PISTOLAS IMBEL GCMD1,GEN-PAT-00443,GEN-INT-00443,00443,00443,PISTOLAS IMBEL GCMD1,NORMAL
PISTOLAS IMBEL GCMD1,GEN-PAT-00447,GEN-INT-00447,00447,00447,PISTOLAS IMBEL GCMD1,NORMAL
PISTOLAS IMBEL GCMD1,GEN-PAT-00505,GEN-INT-00505,00505,00505,PISTOLAS IMBEL GCMD1,NORMAL
PISTOLAS IMBEL GCMD1,GEN-PAT-00520,GEN-INT-00520,00520,00520,PISTOLAS IMBEL GCMD1,NORMAL
PISTOLAS IMBEL GCMD1,GEN-PAT-00536,GEN-INT-00536,00536,00536,PISTOLAS IMBEL GCMD1,NORMAL
PISTOLAS IMBEL GCMD1,GEN-PAT-00581,GEN-INT-00581,00581,00581,PISTOLAS IMBEL GCMD1,NORMAL
PISTOLAS IMBEL GCMD1,GEN-PAT-00719,GEN-INT-00719,00719,00719,PISTOLAS IMBEL GCMD1,NORMAL
PISTOLAS IMBEL GCMD1,GEN-PAT-00722,GEN-INT-00722,00722,00722,PISTOLAS IMBEL GCMD1,NORMAL
PISTOLAS IMBEL GCMD1,GEN-PAT-00723,GEN-INT-00723,00723,00723,PISTOLAS IMBEL GCMD1,NORMAL
PISTOLAS IMBEL GCMD1,GEN-PAT-00736,GEN-INT-00736,00736,00736,PISTOLAS IMBEL GCMD1,NORMAL
PISTOLAS IMBEL GCMD1,GEN-PAT-00741,GEN-INT-00741,00741,00741,PISTOLAS IMBEL GCMD1,NORMAL
PISTOLAS IMBEL GCMD1,GEN-PAT-00743,GEN-INT-00743,00743,00743,PISTOLAS IMBEL GCMD1,NORMAL
PISTOLAS IMBEL GCMD1,GEN-PAT-00747,GEN-INT-00747,00747,00747,PISTOLAS IMBEL GCMD1,NORMAL
PISTOLAS IMBEL GCMD1,GEN-PAT-00754,GEN-INT-00754,00754,00754,PISTOLAS IMBEL GCMD1,NORMAL
PISTOLAS IMBEL GCMD1,GEN-PAT-00769,GEN-INT-00769,00769,00769,PISTOLAS IMBEL GCMD1,NORMAL
PISTOLAS IMBEL GCMD1,GEN-PAT-00740,GEN-INT-00740,00740,00740,PISTOLAS IMBEL GCMD1,EXTRAVIADA
PISTOLAS IMBEL GCMD1,GEN-PAT-S/N,GEN-INT-S/N,S/N,S/N,PISTOLAS IMBEL GCMD1,23
PISTOLAS IMBEL TCMD6,GEN-PAT-ETA07842,GEN-INT-ETA07842,ETA07842,ETA07842,PISTOLAS IMBEL TCMD6,NORMAL
PISTOLAS IMBEL TCMD6,GEN-PAT-ETA07843,GEN-INT-ETA07843,ETA07843,ETA07843,PISTOLAS IMBEL TCMD6,NORMAL
PISTOLAS IMBEL TCMD6,GEN-PAT-ETA07819,GEN-INT-ETA07819,ETA07819,ETA07819,PISTOLAS IMBEL TCMD6,NORMAL
PISTOLAS IMBEL TCMD6,GEN-PAT-ETA07841,GEN-INT-ETA07841,ETA07841,ETA07841,PISTOLAS IMBEL TCMD6,NORMAL
PISTOLAS IMBEL TCMD6,GEN-PAT-S/N,GEN-INT-S/N,S/N,S/N,PISTOLAS IMBEL TCMD6,07
PISTOLAS TAURUS PT 100,GEN-PAT-SAS 26960,GEN-INT-SAS 26960,SAS 26960,SAS 26960,PISTOLAS TAURUS PT 100,NORMAL
PISTOLAS TAURUS PT 100,GEN-PAT-SAS 26961,GEN-INT-SAS 26961,SAS 26961,SAS 26961,PISTOLAS TAURUS PT 100,NORMAL
PISTOLAS TAURUS PT 100,GEN-PAT-SAS 26962,GEN-INT-SAS 26962,SAS 26962,SAS 26962,PISTOLAS TAURUS PT 100,NORMAL
PISTOLAS TAURUS PT 100,GEN-PAT-SAS 26964,GEN-INT-SAS 26964,SAS 26964,SAS 26964,PISTOLAS TAURUS PT 100,NORMAL
PISTOLAS TAURUS PT 100,GEN-PAT-SAS 26965,GEN-INT-SAS 26965,SAS 26965,SAS 26965,PISTOLAS TAURUS PT 100,NORMAL
PISTOLAS TAURUS PT 100,GEN-PAT-SAS 26966,GEN-INT-SAS 26966,SAS 26966,SAS 26966,PISTOLAS TAURUS PT 100,NORMAL
PISTOLAS TAURUS PT 100,GEN-PAT-SAS 26967,GEN-INT-SAS 26967,SAS 26967,SAS 26967,PISTOLAS TAURUS PT 100,NORMAL
PISTOLAS TAURUS PT 100,GEN-PAT-SAS 26968,GEN-INT-SAS 26968,SAS 26968,SAS 26968,PISTOLAS TAURUS PT 100,NORMAL
PISTOLAS TAURUS PT 100,GEN-PAT-SAS 26969,GEN-INT-SAS 26969,SAS 26969,SAS 26969,PISTOLAS TAURUS PT 100,NORMAL
PISTOLAS TAURUS PT 100,GEN-PAT-SAS 26970,GEN-INT-SAS 26970,SAS 26970,SAS 26970,PISTOLAS TAURUS PT 100,NORMAL
PISTOLAS TAURUS PT 100,GEN-PAT-SAS 26974,GEN-INT-SAS 26974,SAS 26974,SAS 26974,PISTOLAS TAURUS PT 100,NORMAL
PISTOLAS TAURUS PT 100,GEN-PAT-SAS 26976,GEN-INT-SAS 26976,SAS 26976,SAS 26976,PISTOLAS TAURUS PT 100,NORMAL
PISTOLAS TAURUS PT 100,GEN-PAT-SAS 26977,GEN-INT-SAS 26977,SAS 26977,SAS 26977,PISTOLAS TAURUS PT 100,NORMAL
PISTOLAS TAURUS PT 100,GEN-PAT-SAS 26978,GEN-INT-SAS 26978,SAS 26978,SAS 26978,PISTOLAS TAURUS PT 100,NORMAL
PISTOLAS TAURUS PT 100,GEN-PAT-SAS 26979,GEN-INT-SAS 26979,SAS 26979,SAS 26979,PISTOLAS TAURUS PT 100,NORMAL
PISTOLAS TAURUS PT 100,GEN-PAT-SAS 26980,GEN-INT-SAS 26980,SAS 26980,SAS 26980,PISTOLAS TAURUS PT 100,NORMAL
PISTOLAS TAURUS PT 100,GEN-PAT-SAS 26981,GEN-INT-SAS 26981,SAS 26981,SAS 26981,PISTOLAS TAURUS PT 100,NORMAL
PISTOLAS TAURUS PT 100,GEN-PAT-SAS 26982,GEN-INT-SAS 26982,SAS 26982,SAS 26982,PISTOLAS TAURUS PT 100,NORMAL
PISTOLAS TAURUS PT 100,GEN-PAT-SAS 26983,GEN-INT-SAS 26983,SAS 26983,SAS 26983,PISTOLAS TAURUS PT 100,NORMAL
PISTOLAS TAURUS PT 100,GEN-PAT-SAS 26984,GEN-INT-SAS 26984,SAS 26984,SAS 26984,PISTOLAS TAURUS PT 100,NORMAL
PISTOLAS TAURUS PT 100,GEN-PAT-SAS 26987,GEN-INT-SAS 26987,SAS 26987,SAS 26987,PISTOLAS TAURUS PT 100,NORMAL
PISTOLAS TAURUS PT 100,GEN-PAT-SAS 26988,GEN-INT-SAS 26988,SAS 26988,SAS 26988,PISTOLAS TAURUS PT 100,NORMAL
PISTOLAS TAURUS PT 100,GEN-PAT-SAS 26989,GEN-INT-SAS 26989,SAS 26989,SAS 26989,PISTOLAS TAURUS PT 100,NORMAL
PISTOLAS TAURUS PT 100,GEN-PAT-SAS 26990,GEN-INT-SAS 26990,SAS 26990,SAS 26990,PISTOLAS TAURUS PT 100,NORMAL
PISTOLAS TAURUS PT 100,GEN-PAT-SAS 26991,GEN-INT-SAS 26991,SAS 26991,SAS 26991,PISTOLAS TAURUS PT 100,NORMAL
PISTOLAS TAURUS PT 100,GEN-PAT-SAS 26992,GEN-INT-SAS 26992,SAS 26992,SAS 26992,PISTOLAS TAURUS PT 100,NORMAL
PISTOLAS TAURUS PT 100,GEN-PAT-SAS 26993,GEN-INT-SAS 26993,SAS 26993,SAS 26993,PISTOLAS TAURUS PT 100,NORMAL
PISTOLAS TAURUS PT 100,GEN-PAT-SAS 26995,GEN-INT-SAS 26995,SAS 26995,SAS 26995,PISTOLAS TAURUS PT 100,NORMAL
PISTOLAS TAURUS PT 100,GEN-PAT-SAS 26996,GEN-INT-SAS 26996,SAS 26996,SAS 26996,PISTOLAS TAURUS PT 100,NORMAL
PISTOLAS TAURUS PT 100,GEN-PAT-SAS 26998,GEN-INT-SAS 26998,SAS 26998,SAS 26998,PISTOLAS TAURUS PT 100,NORMAL
PISTOLAS TAURUS PT 100,GEN-PAT-SAS 26999,GEN-INT-SAS 26999,SAS 26999,SAS 26999,PISTOLAS TAURUS PT 100,NORMAL
PISTOLAS TAURUS PT 100,GEN-PAT-SAS 27001,GEN-INT-SAS 27001,SAS 27001,SAS 27001,PISTOLAS TAURUS PT 100,NORMAL
PISTOLAS TAURUS PT 100,GEN-PAT-SAS 27002,GEN-INT-SAS 27002,SAS 27002,SAS 27002,PISTOLAS TAURUS PT 100,NORMAL
PISTOLAS TAURUS PT 100,GEN-PAT-SAS 27004,GEN-INT-SAS 27004,SAS 27004,SAS 27004,PISTOLAS TAURUS PT 100,NORMAL
PISTOLAS TAURUS PT 100,GEN-PAT-SAS 27005,GEN-INT-SAS 27005,SAS 27005,SAS 27005,PISTOLAS TAURUS PT 100,NORMAL
PISTOLAS TAURUS PT 100,GEN-PAT-SAS 27006,GEN-INT-SAS 27006,SAS 27006,SAS 27006,PISTOLAS TAURUS PT 100,NORMAL
PISTOLAS TAURUS PT 100,GEN-PAT-SAS 27009,GEN-INT-SAS 27009,SAS 27009,SAS 27009,PISTOLAS TAURUS PT 100,NORMAL
PISTOLAS TAURUS PT 100,GEN-PAT-SRF 27170,GEN-INT-SRF 27170,SRF 27170,SRF 27170,PISTOLAS TAURUS PT 100,NORMAL
PISTOLAS TAURUS PT 100,GEN-PAT-SRF 27172,GEN-INT-SRF 27172,SRF 27172,SRF 27172,PISTOLAS TAURUS PT 100,NORMAL
PISTOLAS TAURUS PT 100,GEN-PAT-SRF 27173,GEN-INT-SRF 27173,SRF 27173,SRF 27173,PISTOLAS TAURUS PT 100,NORMAL
PISTOLAS TAURUS PT 100,GEN-PAT-SRF 27175,GEN-INT-SRF 27175,SRF 27175,SRF 27175,PISTOLAS TAURUS PT 100,NORMAL
PISTOLAS TAURUS PT 100,GEN-PAT-SWE 71236,GEN-INT-SWE 71236,SWE 71236,SWE 71236,PISTOLAS TAURUS PT 100,NORMAL
PISTOLAS TAURUS PT 100,GEN-PAT-SWE 71240,GEN-INT-SWE 71240,SWE 71240,SWE 71240,PISTOLAS TAURUS PT 100,NORMAL
PISTOLAS TAURUS PT 100,GEN-PAT-SWE 71242,GEN-INT-SWE 71242,SWE 71242,SWE 71242,PISTOLAS TAURUS PT 100,NORMAL
PISTOLAS TAURUS PT 100,GEN-PAT-SWE 71243,GEN-INT-SWE 71243,SWE 71243,SWE 71243,PISTOLAS TAURUS PT 100,NORMAL
PISTOLAS TAURUS PT 100,GEN-PAT-SWE 71254,GEN-INT-SWE 71254,SWE 71254,SWE 71254,PISTOLAS TAURUS PT 100,NORMAL
PISTOLAS TAURUS PT 100,GEN-PAT-SWH 03693,GEN-INT-SWH 03693,SWH 03693,SWH 03693,PISTOLAS TAURUS PT 100,NORMAL
PISTOLAS TAURUS PT 100,GEN-PAT-SWH 03696,GEN-INT-SWH 03696,SWH 03696,SWH 03696,PISTOLAS TAURUS PT 100,NORMAL
PISTOLAS TAURUS PT 100,GEN-PAT-SWH 03701,GEN-INT-SWH 03701,SWH 03701,SWH 03701,PISTOLAS TAURUS PT 100,NORMAL
PISTOLAS TAURUS PT 100,GEN-PAT-SWH 03703,GEN-INT-SWH 03703,SWH 03703,SWH 03703,PISTOLAS TAURUS PT 100,NORMAL
PISTOLAS TAURUS PT 100,GEN-PAT-SWH 03704,GEN-INT-SWH 03704,SWH 03704,SWH 03704,PISTOLAS TAURUS PT 100,NORMAL
PISTOLAS TAURUS PT 100,GEN-PAT-SWH 03706,GEN-INT-SWH 03706,SWH 03706,SWH 03706,PISTOLAS TAURUS PT 100,NORMAL
PISTOLAS TAURUS PT 100,GEN-PAT-SWH 03710,GEN-INT-SWH 03710,SWH 03710,SWH 03710,PISTOLAS TAURUS PT 100,NORMAL
PISTOLAS TAURUS PT 100,GEN-PAT-SWH 03711,GEN-INT-SWH 03711,SWH 03711,SWH 03711,PISTOLAS TAURUS PT 100,NORMAL
PISTOLAS TAURUS PT 100,GEN-PAT-SWI 04134,GEN-INT-SWI 04134,SWI 04134,SWI 04134,PISTOLAS TAURUS PT 100,NORMAL
PISTOLAS TAURUS PT 100,GEN-PAT-SWI 04140,GEN-INT-SWI 04140,SWI 04140,SWI 04140,PISTOLAS TAURUS PT 100,NORMAL
PISTOLAS TAURUS PT 100,GEN-PAT-SXK 39609,GEN-INT-SXK 39609,SXK 39609,SXK 39609,PISTOLAS TAURUS PT 100,NORMAL
PISTOLAS TAURUS PT 100,GEN-PAT-SXK 39610,GEN-INT-SXK 39610,SXK 39610,SXK 39610,PISTOLAS TAURUS PT 100,NORMAL
PISTOLAS TAURUS PT 100,GEN-PAT-SXK 39612,GEN-INT-SXK 39612,SXK 39612,SXK 39612,PISTOLAS TAURUS PT 100,NORMAL
PISTOLAS TAURUS PT 100,GEN-PAT-SXK 39614,GEN-INT-SXK 39614,SXK 39614,SXK 39614,PISTOLAS TAURUS PT 100,NORMAL
PISTOLAS TAURUS PT 100,GEN-PAT-SXK 39617,GEN-INT-SXK 39617,SXK 39617,SXK 39617,PISTOLAS TAURUS PT 100,NORMAL
PISTOLAS TAURUS PT 100,GEN-PAT-SXK 39622,GEN-INT-SXK 39622,SXK 39622,SXK 39622,PISTOLAS TAURUS PT 100,NORMAL
PISTOLAS TAURUS PT 100,GEN-PAT-SXK 39623,GEN-INT-SXK 39623,SXK 39623,SXK 39623,PISTOLAS TAURUS PT 100,NORMAL
PISTOLAS TAURUS PT 100,GEN-PAT-SXK 39624,GEN-INT-SXK 39624,SXK 39624,SXK 39624,PISTOLAS TAURUS PT 100,NORMAL
PISTOLAS TAURUS PT 100,GEN-PAT-SZG 67893,GEN-INT-SZG 67893,SZG 67893,SZG 67893,PISTOLAS TAURUS PT 100,NORMAL
PISTOLAS TAURUS PT 100,GEN-PAT-SZG 67895,GEN-INT-SZG 67895,SZG 67895,SZG 67895,PISTOLAS TAURUS PT 100,NORMAL
PISTOLAS TAURUS PT 100,GEN-PAT-SZG 67900,GEN-INT-SZG 67900,SZG 67900,SZG 67900,PISTOLAS TAURUS PT 100,NORMAL
PISTOLAS TAURUS PT 100,GEN-PAT-SZG 67905,GEN-INT-SZG 67905,SZG 67905,SZG 67905,PISTOLAS TAURUS PT 100,NORMAL
PISTOLAS TAURUS PT 100,GEN-PAT-SZG 67907,GEN-INT-SZG 67907,SZG 67907,SZG 67907,PISTOLAS TAURUS PT 100,NORMAL
PISTOLAS TAURUS PT 100,GEN-PAT-SZG 67908,GEN-INT-SZG 67908,SZG 67908,SZG 67908,PISTOLAS TAURUS PT 100,NORMAL
PISTOLAS TAURUS PT 100,GEN-PAT-SZG 67909,GEN-INT-SZG 67909,SZG 67909,SZG 67909,PISTOLAS TAURUS PT 100,NORMAL
PISTOLAS TAURUS PT 100,GEN-PAT-SZG 67911,GEN-INT-SZG 67911,SZG 67911,SZG 67911,PISTOLAS TAURUS PT 100,NORMAL
PISTOLAS TAURUS PT 100,GEN-PAT-SZG 67912,GEN-INT-SZG 67912,SZG 67912,SZG 67912,PISTOLAS TAURUS PT 100,NORMAL
PISTOLAS TAURUS PT 100,GEN-PAT-SBN56701,GEN-INT-SBN56701,SBN56701,SBN56701,PISTOLAS TAURUS PT 100,NORMAL
PISTOLAS TAURUS PT 100,GEN-PAT-SBN56702,GEN-INT-SBN56702,SBN56702,SBN56702,PISTOLAS TAURUS PT 100,NORMAL
PISTOLAS TAURUS PT 100,GEN-PAT-SBP19039,GEN-INT-SBP19039,SBP19039,SBP19039,PISTOLAS TAURUS PT 100,NORMAL
PISTOLAS TAURUS PT 100,GEN-PAT-SBP19041,GEN-INT-SBP19041,SBP19041,SBP19041,PISTOLAS TAURUS PT 100,NORMAL
PISTOLAS TAURUS PT 100,GEN-PAT-SBP19043,GEN-INT-SBP19043,SBP19043,SBP19043,PISTOLAS TAURUS PT 100,NORMAL
PISTOLAS TAURUS PT 100,GEN-PAT-SBP19044,GEN-INT-SBP19044,SBP19044,SBP19044,PISTOLAS TAURUS PT 100,NORMAL
PISTOLAS TAURUS PT 100,GEN-PAT-SBP21769,GEN-INT-SBP21769,SBP21769,SBP21769,PISTOLAS TAURUS PT 100,NORMAL
PISTOLAS TAURUS PT 100,GEN-PAT-SBT99520,GEN-INT-SBT99520,SBT99520,SBT99520,PISTOLAS TAURUS PT 100,NORMAL
PISTOLAS TAURUS PT 100,GEN-PAT-SBT99521,GEN-INT-SBT99521,SBT99521,SBT99521,PISTOLAS TAURUS PT 100,NORMAL
PISTOLAS TAURUS PT 100,GEN-PAT-SBT99522,GEN-INT-SBT99522,SBT99522,SBT99522,PISTOLAS TAURUS PT 100,NORMAL
PISTOLAS TAURUS PT 100,GEN-PAT-SBT99523,GEN-INT-SBT99523,SBT99523,SBT99523,PISTOLAS TAURUS PT 100,NORMAL
PISTOLAS TAURUS PT 100,GEN-PAT-SBP21768,GEN-INT-SBP21768,SBP21768,SBP21768,PISTOLAS TAURUS PT 100,NORMAL
PISTOLAS TAURUS PT 100,GEN-PAT-SBT99122,GEN-INT-SBT99122,SBT99122,SBT99122,PISTOLAS TAURUS PT 100,NORMAL
PISTOLAS TAURUS PT 100,GEN-PAT-SBT99525,GEN-INT-SBT99525,SBT99525,SBT99525,PISTOLAS TAURUS PT 100,NORMAL
PISTOLAS TAURUS PT 100,GEN-PAT-SBT99526,GEN-INT-SBT99526,SBT99526,SBT99526,PISTOLAS TAURUS PT 100,NORMAL
PISTOLAS TAURUS PT 100,GEN-PAT-SBT99528,GEN-INT-SBT99528,SBT99528,SBT99528,PISTOLAS TAURUS PT 100,NORMAL
PISTOLAS TAURUS PT 100,GEN-PAT-SBT99529,GEN-INT-SBT99529,SBT99529,SBT99529,PISTOLAS TAURUS PT 100,NORMAL
PISTOLAS TAURUS PT 100,GEN-PAT-SBT99530,GEN-INT-SBT99530,SBT99530,SBT99530,PISTOLAS TAURUS PT 100,NORMAL
PISTOLAS TAURUS PT 100,GEN-PAT-SBT99532,GEN-INT-SBT99532,SBT99532,SBT99532,PISTOLAS TAURUS PT 100,NORMAL
PISTOLAS TAURUS PT 100,GEN-PAT-SBT99533,GEN-INT-SBT99533,SBT99533,SBT99533,PISTOLAS TAURUS PT 100,NORMAL
PISTOLAS TAURUS PT 100,GEN-PAT-SBT99534,GEN-INT-SBT99534,SBT99534,SBT99534,PISTOLAS TAURUS PT 100,NORMAL
PISTOLAS TAURUS PT 100,GEN-PAT-SBU25523,GEN-INT-SBU25523,SBU25523,SBU25523,PISTOLAS TAURUS PT 100,NORMAL
PISTOLAS TAURUS PT 100,GEN-PAT-SDN 40236,GEN-INT-SDN 40236,SDN 40236,SDN 40236,PISTOLAS TAURUS PT 100,NORMAL
PISTOLAS TAURUS PT 100,GEN-PAT-SDN 40238,GEN-INT-SDN 40238,SDN 40238,SDN 40238,PISTOLAS TAURUS PT 100,NORMAL
PISTOLAS TAURUS PT 100,GEN-PAT-SDN 40241,GEN-INT-SDN 40241,SDN 40241,SDN 40241,PISTOLAS TAURUS PT 100,NORMAL
PISTOLAS TAURUS PT 100,GEN-PAT-SDN 40243,GEN-INT-SDN 40243,SDN 40243,SDN 40243,PISTOLAS TAURUS PT 100,NORMAL
PISTOLAS TAURUS PT 100,GEN-PAT-SDP01813,GEN-INT-SDP01813,SDP01813,SDP01813,PISTOLAS TAURUS PT 100,NORMAL
PISTOLAS TAURUS PT 100,GEN-PAT-S/N,GEN-INT-S/N,S/N,S/N,PISTOLAS TAURUS PT 100,138
PISTOLA GLOCK MOD G17 .9mm,GEN-PAT-BPDC315,GEN-INT-BPDC315,BPDC315,BPDC315,PISTOLA GLOCK MOD G17 .9mm,NORMAL
PISTOLA GLOCK MOD G17 .9mm,GEN-PAT-BPDC316,GEN-INT-BPDC316,BPDC316,BPDC316,PISTOLA GLOCK MOD G17 .9mm,NORMAL
PISTOLA GLOCK MOD G17 .9mm,GEN-PAT-BPDC317,GEN-INT-BPDC317,BPDC317,BPDC317,PISTOLA GLOCK MOD G17 .9mm,NORMAL
PISTOLA GLOCK MOD G17 .9mm,GEN-PAT-BPDC319,GEN-INT-BPDC319,BPDC319,BPDC319,PISTOLA GLOCK MOD G17 .9mm,NORMAL
PISTOLA GLOCK MOD G17 .9mm,GEN-PAT-BPDC322,GEN-INT-BPDC322,BPDC322,BPDC322,PISTOLA GLOCK MOD G17 .9mm,NORMAL
PISTOLA GLOCK MOD G17 .9mm,GEN-PAT-BPDC323,GEN-INT-BPDC323,BPDC323,BPDC323,PISTOLA GLOCK MOD G17 .9mm,NORMAL
PISTOLA GLOCK MOD G17 .9mm,GEN-PAT-BPDC331,GEN-INT-BPDC331,BPDC331,BPDC331,PISTOLA GLOCK MOD G17 .9mm,NORMAL
PISTOLA GLOCK MOD G17 .9mm,GEN-PAT-BPDC335,GEN-INT-BPDC335,BPDC335,BPDC335,PISTOLA GLOCK MOD G17 .9mm,NORMAL
PISTOLA GLOCK MOD G17 .9mm,GEN-PAT-BPDC337,GEN-INT-BPDC337,BPDC337,BPDC337,PISTOLA GLOCK MOD G17 .9mm,NORMAL
PISTOLA GLOCK MOD G17 .9mm,GEN-PAT-BPDC343,GEN-INT-BPDC343,BPDC343,BPDC343,PISTOLA GLOCK MOD G17 .9mm,NORMAL
PISTOLA GLOCK MOD G17 .9mm,GEN-PAT-BPDC350,GEN-INT-BPDC350,BPDC350,BPDC350,PISTOLA GLOCK MOD G17 .9mm,NORMAL
PISTOLA GLOCK MOD G17 .9mm,GEN-PAT-BPDC354,GEN-INT-BPDC354,BPDC354,BPDC354,PISTOLA GLOCK MOD G17 .9mm,NORMAL
PISTOLA GLOCK MOD G17 .9mm,GEN-PAT-BPDC359,GEN-INT-BPDC359,BPDC359,BPDC359,PISTOLA GLOCK MOD G17 .9mm,NORMAL
PISTOLA GLOCK MOD G17 .9mm,GEN-PAT-BPDC366,GEN-INT-BPDC366,BPDC366,BPDC366,PISTOLA GLOCK MOD G17 .9mm,NORMAL
PISTOLA GLOCK MOD G17 .9mm,GEN-PAT-BPDC368,GEN-INT-BPDC368,BPDC368,BPDC368,PISTOLA GLOCK MOD G17 .9mm,NORMAL
PISTOLA GLOCK MOD G17 .9mm,GEN-PAT-BPDC371,GEN-INT-BPDC371,BPDC371,BPDC371,PISTOLA GLOCK MOD G17 .9mm,NORMAL
PISTOLA GLOCK MOD G17 .9mm,GEN-PAT-BPDC373,GEN-INT-BPDC373,BPDC373,BPDC373,PISTOLA GLOCK MOD G17 .9mm,NORMAL
PISTOLA GLOCK MOD G17 .9mm,GEN-PAT-BPDC381,GEN-INT-BPDC381,BPDC381,BPDC381,PISTOLA GLOCK MOD G17 .9mm,NORMAL
PISTOLA GLOCK MOD G17 .9mm,GEN-PAT-BPDC382,GEN-INT-BPDC382,BPDC382,BPDC382,PISTOLA GLOCK MOD G17 .9mm,NORMAL
PISTOLA GLOCK MOD G17 .9mm,GEN-PAT-BPDC383,GEN-INT-BPDC383,BPDC383,BPDC383,PISTOLA GLOCK MOD G17 .9mm,NORMAL
PISTOLA GLOCK MOD G17 .9mm,GEN-PAT-BPDC386,GEN-INT-BPDC386,BPDC386,BPDC386,PISTOLA GLOCK MOD G17 .9mm,NORMAL
PISTOLA GLOCK MOD G17 .9mm,GEN-PAT-S/N,GEN-INT-S/N,S/N,S/N,PISTOLA GLOCK MOD G17 .9mm,80
PISTOLA GLOCK MOD G19 .9mm,GEN-PAT-BPDD049,GEN-INT-BPDD049,BPDD049,BPDD049,PISTOLA GLOCK MOD G19 .9mm,NORMAL
PISTOLA GLOCK MOD G19 .9mm,GEN-PAT-BPDD051,GEN-INT-BPDD051,BPDD051,BPDD051,PISTOLA GLOCK MOD G19 .9mm,NORMAL
PISTOLA GLOCK MOD G19 .9mm,GEN-PAT-BPDD052,GEN-INT-BPDD052,BPDD052,BPDD052,PISTOLA GLOCK MOD G19 .9mm,NORMAL
PISTOLA GLOCK MOD G19 .9mm,GEN-PAT-BPDD053,GEN-INT-BPDD053,BPDD053,BPDD053,PISTOLA GLOCK MOD G19 .9mm,NORMAL
PISTOLA GLOCK MOD G19 .9mm,GEN-PAT-BPDD054,GEN-INT-BPDD054,BPDD054,BPDD054,PISTOLA GLOCK MOD G19 .9mm,NORMAL
PISTOLA GLOCK MOD G19 .9mm,GEN-PAT-BPDD055,GEN-INT-BPDD055,BPDD055,BPDD055,PISTOLA GLOCK MOD G19 .9mm,NORMAL
PISTOLA GLOCK MOD G19 .9mm,GEN-PAT-BPDD056,GEN-INT-BPDD056,BPDD056,BPDD056,PISTOLA GLOCK MOD G19 .9mm,NORMAL
PISTOLA GLOCK MOD G19 .9mm,GEN-PAT-BPDD057,GEN-INT-BPDD057,BPDD057,BPDD057,PISTOLA GLOCK MOD G19 .9mm,NORMAL
PISTOLA GLOCK MOD G19 .9mm,GEN-PAT-BPDD058,GEN-INT-BPDD058,BPDD058,BPDD058,PISTOLA GLOCK MOD G19 .9mm,NORMAL
PISTOLA GLOCK MOD G19 .9mm,GEN-PAT-S/N,GEN-INT-S/N,S/N,S/N,PISTOLA GLOCK MOD G19 .9mm,10
PISTOLA TAURUS MOD TS9 .9mm,GEN-PAT-S/N,GEN-INT-S/N,S/N,S/N,PISTOLA TAURUS MOD TS9 .9mm,10
REVOLVER TAURUS CAL. 38,GEN-PAT-JF 321940,GEN-INT-JF 321940,JF 321940,JF 321940,REVOLVER TAURUS CAL. 38,INSERVÍVEL
REVOLVER TAURUS CAL. 38,GEN-PAT-JG 330315,GEN-INT-JG 330315,JG 330315,JG 330315,REVOLVER TAURUS CAL. 38,INSERVÍVEL
REVOLVER TAURUS CAL. 38,GEN-PAT-JE 305289,GEN-INT-JE 305289,JE 305289,JE 305289,REVOLVER TAURUS CAL. 38,INSERVÍVEL
REVOLVER TAURUS CAL. 38,GEN-PAT-S/N,GEN-INT-S/N,S/N,S/N,REVOLVER TAURUS CAL. 38,05
REVOLVER ROSSI CAL. 38,GEN-PAT-E -498593,GEN-INT-E -498593,E -498593,E -498593,REVOLVER ROSSI CAL. 38,NORMAL
REVOLVER ROSSI CAL. 38,GEN-PAT-S/N,GEN-INT-S/N,S/N,S/N,REVOLVER ROSSI CAL. 38,02
02,GEN-PAT-OC0017009.0317,GEN-INT-OC0017009.0317,OC0017009.0317,OC0017009.0317,02,NOVO
02,GEN-PAT-OC0017009.0321,GEN-INT-OC0017009.0321,OC0017009.0321,OC0017009.0321,02,NOVO
02,GEN-PAT-OC0017009.0318,GEN-INT-OC0017009.0318,OC0017009.0318,OC0017009.0318,02,NOVO
02,GEN-PAT-OC0017009.0144,GEN-INT-OC0017009.0144,OC0017009.0144,OC0017009.0144,02,NOVO
02,GEN-PAT-OC0017009.0326,GEN-INT-OC0017009.0326,OC0017009.0326,OC0017009.0326,02,NOVO
02,GEN-PAT-OC0017009.0325,GEN-INT-OC0017009.0325,OC0017009.0325,OC0017009.0325,02,NOVO
02,GEN-PAT-OC0017009.0324,GEN-INT-OC0017009.0324,OC0017009.0324,OC0017009.0324,02,NOVO
02,GEN-PAT-OC0017596.0323,GEN-INT-OC0017596.0323,OC0017596.0323,OC0017596.0323,02,NOVO
02,GEN-PAT-OC0017009.0329,GEN-INT-OC0017009.0329,OC0017009.0329,OC0017009.0329,02,NOVO
02,GEN-PAT-OC0017009.0328,GEN-INT-OC0017009.0328,OC0017009.0328,OC0017009.0328,02,NOVO
02,GEN-PAT-OC0017009.0327,GEN-INT-OC0017009.0327,OC0017009.0327,OC0017009.0327,02,NOVO
02,GEN-PAT-OC0017009.0122,GEN-INT-OC0017009.0122,OC0017009.0122,OC0017009.0122,02,NOVO
02,GEN-PAT-OC0017009.0121,GEN-INT-OC0017009.0121,OC0017009.0121,OC0017009.0121,02,NOVO
02,GEN-PAT-OC0017009.0120,GEN-INT-OC0017009.0120,OC0017009.0120,OC0017009.0120,02,NOVO
02,GEN-PAT-OC0017009.0286,GEN-INT-OC0017009.0286,OC0017009.0286,OC0017009.0286,02,NOVO
02,GEN-PAT-OC0017009.0285,GEN-INT-OC0017009.0285,OC0017009.0285,OC0017009.0285,02,NOVO
02,GEN-PAT-OC0020710.0043,GEN-INT-OC0020710.0043,OC0020710.0043,OC0020710.0043,02,NOVO
02,GEN-PAT-OC0020710.0044,GEN-INT-OC0020710.0044,OC0020710.0044,OC0020710.0044,02,NOVO
02,GEN-PAT-OC0020710.0154,GEN-INT-OC0020710.0154,OC0020710.0154,OC0020710.0154,02,NOVO
02,GEN-PAT-OC0020710.0148,GEN-INT-OC0020710.0148,OC0020710.0148,OC0020710.0148,02,NOVO
02,GEN-PAT-OC0020710.0149,GEN-INT-OC0020710.0149,OC0020710.0149,OC0020710.0149,02,NOVO
02,GEN-PAT-OC0020710.0031,GEN-INT-OC0020710.0031,OC0020710.0031,OC0020710.0031,02,NOVO
02,GEN-PAT-OC0017010.0317,GEN-INT-OC0017010.0317,OC0017010.0317,OC0017010.0317,02,NOVO
02,GEN-PAT-OC0017010.0316,GEN-INT-OC0017010.0316,OC0017010.0316,OC0017010.0316,02,NOVO
02,GEN-PAT-OC0017010.0320,GEN-INT-OC0017010.0320,OC0017010.0320,OC0017010.0320,02,NOVO
02,GEN-PAT-OC0017010.0318,GEN-INT-OC0017010.0318,OC0017010.0318,OC0017010.0318,02,NOVO
02,GEN-PAT-OC0017010.0322,GEN-INT-OC0017010.0322,OC0017010.0322,OC0017010.0322,02,NOVO
02,GEN-PAT-OC0017010.0321,GEN-INT-OC0017010.0321,OC0017010.0321,OC0017010.0321,02,NOVO
02,GEN-PAT-OC0017010.0319,GEN-INT-OC0017010.0319,OC0017010.0319,OC0017010.0319,02,NOVO
02,GEN-PAT-OC0017010.0378,GEN-INT-OC0017010.0378,OC0017010.0378,OC0017010.0378,02,NOVO
02,GEN-PAT-OC0017.010.0184,GEN-INT-OC0017.010.0184,OC0017.010.0184,OC0017.010.0184,02,NOVO
02,GEN-PAT-OC0017010.0183,GEN-INT-OC0017010.0183,OC0017010.0183,OC0017010.0183,02,NOVO
02,GEN-PAT-OC0017010.0186,GEN-INT-OC0017010.0186,OC0017010.0186,OC0017010.0186,02,NOVO
02,GEN-PAT-OC0017010.0189,GEN-INT-OC0017010.0189,OC0017010.0189,OC0017010.0189,02,NOVO
02,GEN-PAT-OC0017010.0188,GEN-INT-OC0017010.0188,OC0017010.0188,OC0017010.0188,02,NOVO
02,GEN-PAT-OC0017010.0172,GEN-INT-OC0017010.0172,OC0017010.0172,OC0017010.0172,02,NOVO
02,GEN-PAT-OC0017010.0169,GEN-INT-OC0017010.0169,OC0017010.0169,OC0017010.0169,02,NOVO
02,GEN-PAT-OC0017010.0175,GEN-INT-OC0017010.0175,OC0017010.0175,OC0017010.0175,02,NOVO
02,GEN-PAT-OC0017010.0174,GEN-INT-OC0017010.0174,OC0017010.0174,OC0017010.0174,02,NOVO
02,GEN-PAT-OC0017010.0150,GEN-INT-OC0017010.0150,OC0017010.0150,OC0017010.0150,02,NOVO
02,GEN-PAT-OC0017010.0149,GEN-INT-OC0017010.0149,OC0017010.0149,OC0017010.0149,02,NOVO
02,GEN-PAT-OC0017010.0148,GEN-INT-OC0017010.0148,OC0017010.0148,OC0017010.0148,02,NOVO
02,GEN-PAT-OC0017010.0054,GEN-INT-OC0017010.0054,OC0017010.0054,OC0017010.0054,02,NOVO
02,GEN-PAT-OC0017010.0152,GEN-INT-OC0017010.0152,OC0017010.0152,OC0017010.0152,02,NOVO
02,GEN-PAT-OC0017010.0151,GEN-INT-OC0017010.0151,OC0017010.0151,OC0017010.0151,02,NOVO
02,GEN-PAT-OC0017010.0346,GEN-INT-OC0017010.0346,OC0017010.0346,OC0017010.0346,02,NOVO
02,GEN-PAT-OC0017010.0345,GEN-INT-OC0017010.0345,OC0017010.0345,OC0017010.0345,02,NOVO
02,GEN-PAT-OC0017010.0344,GEN-INT-OC0017010.0344,OC0017010.0344,OC0017010.0344,02,NOVO
02,GEN-PAT-OC0017010.0348,GEN-INT-OC0017010.0348,OC0017010.0348,OC0017010.0348,02,NOVO
02,GEN-PAT-OC0017010.0347,GEN-INT-OC0017010.0347,OC0017010.0347,OC0017010.0347,02,NOVO
02,GEN-PAT-OC0017010.0252,GEN-INT-OC0017010.0252,OC0017010.0252,OC0017010.0252,02,NOVO
02,GEN-PAT-OC0017010.0250,GEN-INT-OC0017010.0250,OC0017010.0250,OC0017010.0250,02,NOVO
02,GEN-PAT-OC0017010.0249,GEN-INT-OC0017010.0249,OC0017010.0249,OC0017010.0249,02,NOVO
02,GEN-PAT-OC0017010.0246,GEN-INT-OC0017010.0246,OC0017010.0246,OC0017010.0246,02,NOVO
02,GEN-PAT-OC0017010.0248,GEN-INT-OC0017010.0248,OC0017010.0248,OC0017010.0248,02,NOVO
02,GEN-PAT-OC0020711.0064,GEN-INT-OC0020711.0064,OC0020711.0064,OC0020711.0064,02,NOVO
02,GEN-PAT-OC0020711.0106,GEN-INT-OC0020711.0106,OC0020711.0106,OC0020711.0106,02,NOVO
02,GEN-PAT-OC0020711.0112,GEN-INT-OC0020711.0112,OC0020711.0112,OC0020711.0112,02,NOVO
02,GEN-PAT-OC0020711.0111,GEN-INT-OC0020711.0111,OC0020711.0111,OC0020711.0111,02,NOVO
02,GEN-PAT-OC0020711.0107,GEN-INT-OC0020711.0107,OC0020711.0107,OC0020711.0107,02,NOVO
02,GEN-PAT-OC0020711.0108,GEN-INT-OC0020711.0108,OC0020711.0108,OC0020711.0108,02,NOVO
02,GEN-PAT-OC0020711.0109,GEN-INT-OC0020711.0109,OC0020711.0109,OC0020711.0109,02,NOVO
02,GEN-PAT-OC0020711.0110,GEN-INT-OC0020711.0110,OC0020711.0110,OC0020711.0110,02,NOVO
02,GEN-PAT-OC0017011.0035,GEN-INT-OC0017011.0035,OC0017011.0035,OC0017011.0035,02,NOVO
02,GEN-PAT-OC0017011.0029,GEN-INT-OC0017011.0029,OC0017011.0029,OC0017011.0029,02,NOVO
02,GEN-PAT-OC0017011.0030,GEN-INT-OC0017011.0030,OC0017011.0030,OC0017011.0030,02,NOVO
02,GEN-PAT-OC0017010.0105,GEN-INT-OC0017010.0105,OC0017010.0105,OC0017010.0105,02,NOVO
02,GEN-PAT-OC0017011.0104,GEN-INT-OC0017011.0104,OC0017011.0104,OC0017011.0104,02,NOVO
02,GEN-PAT-OC0017011.0103,GEN-INT-OC0017011.0103,OC0017011.0103,OC0017011.0103,02,NOVO
02,GEN-PAT-OC0017011.0102,GEN-INT-OC0017011.0102,OC0017011.0102,OC0017011.0102,02,NOVO
02,GEN-PAT-OC0017011.0101,GEN-INT-OC0017011.0101,OC0017011.0101,OC0017011.0101,02,NOVO
02,GEN-PAT-OC0017011.0100,GEN-INT-OC0017011.0100,OC0017011.0100,OC0017011.0100,02,NOVO
02,GEN-PAT-OC0020712.0012,GEN-INT-OC0020712.0012,OC0020712.0012,OC0020712.0012,02,NOVO
02,GEN-PAT-OC0020712.0057,GEN-INT-OC0020712.0057,OC0020712.0057,OC0020712.0057,02,NOVO
02,GEN-PAT-OC0020712.0058,GEN-INT-OC0020712.0058,OC0020712.0058,OC0020712.0058,02,NOVO
02,GEN-PAT-OC0020712.0059,GEN-INT-OC0020712.0059,OC0020712.0059,OC0020712.0059,02,NOVO
02,GEN-PAT-OC0020712.0060,GEN-INT-OC0020712.0060,OC0020712.0060,OC0020712.0060,02,NOVO
02,GEN-PAT-OC0017012.0027,GEN-INT-OC0017012.0027,OC0017012.0027,OC0017012.0027,02,NOVO
02,GEN-PAT-OC0017012.0028,GEN-INT-OC0017012.0028,OC0017012.0028,OC0017012.0028,02,NOVO
02,GEN-PAT-OC0017013.0007,GEN-INT-OC0017013.0007,OC0017013.0007,OC0017013.0007,02,NOVO
02,GEN-PAT-OC0020714.0008,GEN-INT-OC0020714.0008,OC0020714.0008,OC0020714.0008,02,NOVO
02,GEN-PAT-OC0020714.0009,GEN-INT-OC0020714.0009,OC0020714.0009,OC0020714.0009,02,NOVO
02,GEN-PAT-OC0017014.0011,GEN-INT-OC0017014.0011,OC0017014.0011,OC0017014.0011,02,NOVO
02,GEN-PAT-OC0020715.0006,GEN-INT-OC0020715.0006,OC0020715.0006,OC0020715.0006,02,NOVO
02,GEN-PAT-OC0017014.0007,GEN-INT-OC0017014.0007,OC0017014.0007,OC0017014.0007,02,NOVO
02,GEN-PAT-OC0017014.0005,GEN-INT-OC0017014.0005,OC0017014.0005,OC0017014.0005,02,NOVO
02,GEN-PAT-OC0017015.0020,GEN-INT-OC0017015.0020,OC0017015.0020,OC0017015.0020,02,NOVO
02,GEN-PAT-OC0017015.0019,GEN-INT-OC0017015.0019,OC0017015.0019,OC0017015.0019,02,NOVO
02,GEN-PAT-OC0017015.0018,GEN-INT-OC0017015.0018,OC0017015.0018,OC0017015.0018,02,NOVO
02,GEN-PAT-OC0017015.0017,GEN-INT-OC0017015.0017,OC0017015.0017,OC0017015.0017,02,NOVO
02,GEN-PAT-OC0017015.0016,GEN-INT-OC0017015.0016,OC0017015.0016,OC0017015.0016,02,NOVO
02,GEN-PAT-OC0017015.0015,GEN-INT-OC0017015.0015,OC0017015.0015,OC0017015.0015,02,NOVO
02,GEN-PAT-OC0020716.0001,GEN-INT-OC0020716.0001,OC0020716.0001,OC0020716.0001,02,NOVO
02,GEN-PAT-OC0020716.0002,GEN-INT-OC0020716.0002,OC0020716.0002,OC0020716.0002,02,NOVO
02,GEN-PAT-OC0020716.0003,GEN-INT-OC0020716.0003,OC0020716.0003,OC0020716.0003,02,NOVO
02,GEN-PAT-OC0020710.0358 P,GEN-INT-OC0020710.0358 P,OC0020710.0358 P,OC0020710.0358 P,02,NOVO
02,GEN-PAT-OC0020710.0359 P,GEN-INT-OC0020710.0359 P,OC0020710.0359 P,OC0020710.0359 P,02,NOVO
02,GEN-PAT-OC0020710.0360 P,GEN-INT-OC0020710.0360 P,OC0020710.0360 P,OC0020710.0360 P,02,NOVO
02,GEN-PAT-OC0020710.0361 P,GEN-INT-OC0020710.0361 P,OC0020710.0361 P,OC0020710.0361 P,02,NOVO
02,GEN-PAT-OC0020710.0362 P,GEN-INT-OC0020710.0362 P,OC0020710.0362 P,OC0020710.0362 P,02,NOVO
02,GEN-PAT-OC0020710.0363 P,GEN-INT-OC0020710.0363 P,OC0020710.0363 P,OC0020710.0363 P,02,NOVO
02,GEN-PAT-OC0020710.0364 P,GEN-INT-OC0020710.0364 P,OC0020710.0364 P,OC0020710.0364 P,02,NOVO
02,GEN-PAT-OC0020710.0330 P,GEN-INT-OC0020710.0330 P,OC0020710.0330 P,OC0020710.0330 P,02,NOVO
02,GEN-PAT-OC0020710.0331 P,GEN-INT-OC0020710.0331 P,OC0020710.0331 P,OC0020710.0331 P,02,NOVO
02,GEN-PAT-OC0020710.0332 P,GEN-INT-OC0020710.0332 P,OC0020710.0332 P,OC0020710.0332 P,02,NOVO
02,GEN-PAT-OC0020710.0333 P,GEN-INT-OC0020710.0333 P,OC0020710.0333 P,OC0020710.0333 P,02,NOVO
02,GEN-PAT-OC0020710.0334 P,GEN-INT-OC0020710.0334 P,OC0020710.0334 P,OC0020710.0334 P,02,NOVO
02,GEN-PAT-OC0020710.0335 P,GEN-INT-OC0020710.0335 P,OC0020710.0335 P,OC0020710.0335 P,02,NOVO
02,GEN-PAT-OC0020710.0336 P,GEN-INT-OC0020710.0336 P,OC0020710.0336 P,OC0020710.0336 P,02,NOVO
02,GEN-PAT-OC0020710.0337 P,GEN-INT-OC0020710.0337 P,OC0020710.0337 P,OC0020710.0337 P,02,NOVO
TONFAS E CACETETES,GEN-PAT-TONFAS,GEN-INT-TONFAS,TONFAS,TONFAS,TONFAS E CACETETES,SEM OBS
TONFAS E CACETETES,GEN-PAT-CASSETETES,GEN-INT-CASSETETES,CASSETETES,CASSETETES,TONFAS E CACETETES,SEM OBS
TONFAS E CACETETES,GEN-PAT-BASTÕES,GEN-INT-BASTÕES,BASTÕES,BASTÕES,TONFAS E CACETETES,SEM OBS
SEM OBS,GEN-PAT-XXX,GEN-INT-XXX,XXX,XXX,SEM OBS,NORMAL
SEM OBS,GEN-PAT-XXX,GEN-INT-XXX,XXX,XXX,SEM OBS,NORMAL
SEM OBS,GEN-PAT-XXX,GEN-INT-XXX,XXX,XXX,SEM OBS,VELHO
SEM OBS,GEN-PAT-XXX,GEN-INT-XXX,XXX,XXX,SEM OBS,VELHO
XX,GEN-PAT-85263,GEN-INT-85263,85263,85263,XX,NOVO
XX,GEN-PAT-84311,GEN-INT-84311,84311,84311,XX,NOVO
XX,GEN-PAT-84691,GEN-INT-84691,84691,84691,XX,NOVO
XX,GEN-PAT-86107,GEN-INT-86107,86107,86107,XX,NOVO
XX,GEN-PAT-84601,GEN-INT-84601,84601,84601,XX,NOVO
XX,GEN-PAT-84088,GEN-INT-84088,84088,84088,XX,NOVO
XX,GEN-PAT-84096,GEN-INT-84096,84096,84096,XX,NOVO
XX,GEN-PAT-84024,GEN-INT-84024,84024,84024,XX,NOVO
MUNIÇÕES,GEN-PAT-.40 S&W,GEN-INT-.40 S&W,.40 S&W,.40 S&W,MUNIÇÕES,NORMAL
MUNIÇÕES,GEN-PAT-9mm,GEN-INT-9mm,9mm,9mm,MUNIÇÕES,
MUNIÇÕES,GEN-PAT-EXPO – 147gr,GEN-INT-EXPO – 147gr,EXPO – 147gr,EXPO – 147gr,MUNIÇÕES,NORMAL
MUNIÇÕES,GEN-PAT-.38 SPL,GEN-INT-.38 SPL,.38 SPL,.38 SPL,MUNIÇÕES,NORMAL
MUNIÇÕES,GEN-PAT-762x51mm,GEN-INT-762x51mm,762x51mm,762x51mm,MUNIÇÕES,NORMAL
MUNIÇÕES,GEN-PAT-FESTIM,GEN-INT-FESTIM,FESTIM,FESTIM,MUNIÇÕES,NORMAL
MUNIÇÕES,GEN-PAT-556MM,GEN-INT-556MM,556MM,556MM,MUNIÇÕES,NORMAL
MUNIÇÕES,GEN-PAT-12mm,GEN-INT-12mm,12mm,12mm,MUNIÇÕES,NORMAL
MUNIÇÕES,GEN-PAT-ELASTÔMERO,GEN-INT-ELASTÔMERO,ELASTÔMERO,ELASTÔMERO,MUNIÇÕES,NORMAL
LANÇADOR DE MUNIÇÃO NÃO LETAL,GEN-PAT-C8511BR,GEN-INT-C8511BR,C8511BR,C8511BR,LANÇADOR DE MUNIÇÃO NÃO LETAL,NOVA
LANÇADOR DE MUNIÇÃO NÃO LETAL,GEN-PAT-S/N,GEN-INT-S/N,S/N,S/N,LANÇADOR DE MUNIÇÃO NÃO LETAL,01
01,GEN-PAT-GRANADAS,GEN-INT-GRANADAS,GRANADAS,GRANADAS,01,NOVA
01,GEN-PAT-GL 309,GEN-INT-GL 309,GL 309,GL 309,01,NOVAS
01,GEN-PAT-GRANADAS,GEN-INT-GRANADAS,GRANADAS,GRANADAS,01,NOVAS
01,GEN-PAT-GRANADAS,GEN-INT-GRANADAS,GRANADAS,GRANADAS,01,NOVAS
01,GEN-PAT-GRANADAS,GEN-INT-GRANADAS,GRANADAS,GRANADAS,01,NOVAS
01,GEN-PAT-ESPAGIDORES,GEN-INT-ESPAGIDORES,ESPAGIDORES,ESPAGIDORES,01,NOVOS
01,GEN-PAT-ESPAGIDORES,GEN-INT-ESPAGIDORES,ESPAGIDORES,ESPAGIDORES,01,NOVOS
01,GEN-PAT-QUÍMICA,GEN-INT-QUÍMICA,QUÍMICA,QUÍMICA,01,NOVAS
TRANSCEPTORES PORTATEIS “HT” NOVOS,GEN-PAT-01,GEN-INT-01,01,01,TRANSCEPTORES PORTATEIS “HT” NOVOS,RESERVA
TRANSCEPTORES PORTATEIS “HT” NOVOS,GEN-PAT-02,GEN-INT-02,02,02,TRANSCEPTORES PORTATEIS “HT” NOVOS,RESERVA
TRANSCEPTORES PORTATEIS “HT” NOVOS,GEN-PAT-03,GEN-INT-03,03,03,TRANSCEPTORES PORTATEIS “HT” NOVOS,RESERVA
TRANSCEPTORES PORTATEIS “HT” NOVOS,GEN-PAT-04,GEN-INT-04,04,04,TRANSCEPTORES PORTATEIS “HT” NOVOS,RESERVA
TRANSCEPTORES PORTATEIS “HT” NOVOS,GEN-PAT-05,GEN-INT-05,05,05,TRANSCEPTORES PORTATEIS “HT” NOVOS,RESERVA
TRANSCEPTORES PORTATEIS “HT” NOVOS,GEN-PAT-06,GEN-INT-06,06,06,TRANSCEPTORES PORTATEIS “HT” NOVOS,RESERVA
TRANSCEPTORES PORTATEIS “HT” NOVOS,GEN-PAT-07,GEN-INT-07,07,07,TRANSCEPTORES PORTATEIS “HT” NOVOS,RESERVA
TRANSCEPTORES PORTATEIS “HT” NOVOS,GEN-PAT-08,GEN-INT-08,08,08,TRANSCEPTORES PORTATEIS “HT” NOVOS,RESERVA
TRANSCEPTORES PORTATEIS “HT” NOVOS,GEN-PAT-09,GEN-INT-09,09,09,TRANSCEPTORES PORTATEIS “HT” NOVOS,RESERVA
TRANSCEPTORES PORTATEIS “HT” NOVOS,GEN-PAT-10,GEN-INT-10,10,10,TRANSCEPTORES PORTATEIS “HT” NOVOS,RESERVA
TRANSCEPTORES PORTATEIS “HT” NOVOS,GEN-PAT-11,GEN-INT-11,11,11,TRANSCEPTORES PORTATEIS “HT” NOVOS,RESERVA
TRANSCEPTORES PORTATEIS “HT” NOVOS,GEN-PAT-12,GEN-INT-12,12,12,TRANSCEPTORES PORTATEIS “HT” NOVOS,RESERVA
TRANSCEPTORES PORTATEIS “HT” NOVOS,GEN-PAT-13,GEN-INT-13,13,13,TRANSCEPTORES PORTATEIS “HT” NOVOS,RESERVA
TRANSCEPTORES PORTATEIS “HT” NOVOS,GEN-PAT-14,GEN-INT-14,14,14,TRANSCEPTORES PORTATEIS “HT” NOVOS,RESERVA
TRANSCEPTORES PORTATEIS “HT” NOVOS,GEN-PAT-15,GEN-INT-15,15,15,TRANSCEPTORES PORTATEIS “HT” NOVOS,RESERVA
TRANSCEPTORES PORTATEIS “HT” NOVOS,GEN-PAT-16,GEN-INT-16,16,16,TRANSCEPTORES PORTATEIS “HT” NOVOS,RESERVA
TRANSCEPTORES PORTATEIS “HT” NOVOS,GEN-PAT-S/N,GEN-INT-S/N,S/N,S/N,TRANSCEPTORES PORTATEIS “HT” NOVOS,RESERVA
TRANSCEPTORES PORTATEIS “HT” NOVOS,GEN-PAT-S/N,GEN-INT-S/N,S/N,S/N,TRANSCEPTORES PORTATEIS “HT” NOVOS,RESERVA
TRANSCEPTORES PORTATEIS “HT” NOVOS,GEN-PAT-S/N,GEN-INT-S/N,S/N,S/N,TRANSCEPTORES PORTATEIS “HT” NOVOS,RESERVA
TRANSCEPTORES PORTATEIS “HT” NOVOS,GEN-PAT-S/N,GEN-INT-S/N,S/N,S/N,TRANSCEPTORES PORTATEIS “HT” NOVOS,RESERVA
TRANSCEPTORES PORTATEIS “HT” NOVOS,GEN-PAT-S/N,GEN-INT-S/N,S/N,S/N,TRANSCEPTORES PORTATEIS “HT” NOVOS,RESERVA
TRANSCEPTORES PORTATEIS “HT” NOVOS,GEN-PAT-S/N,GEN-INT-S/N,S/N,S/N,TRANSCEPTORES PORTATEIS “HT” NOVOS,RESERVA
TRANSCEPTORES PORTATEIS “HT” NOVOS,GEN-PAT-S/N,GEN-INT-S/N,S/N,S/N,TRANSCEPTORES PORTATEIS “HT” NOVOS,RESERVA
TRANSCEPTORES PORTATEIS “HT” NOVOS,GEN-PAT-S/N,GEN-INT-S/N,S/N,S/N,TRANSCEPTORES PORTATEIS “HT” NOVOS,RESERVA
TRANSCEPTORES PORTATEIS “HT” NOVOS,GEN-PAT-S/N,GEN-INT-S/N,S/N,S/N,TRANSCEPTORES PORTATEIS “HT” NOVOS,RESERVA
TRANSCEPTORES PORTATEIS “HT” NOVOS,GEN-PAT-S/N,GEN-INT-S/N,S/N,S/N,TRANSCEPTORES PORTATEIS “HT” NOVOS,RESERVA
TRANSCEPTORES PORTATEIS “HT” NOVOS,GEN-PAT-S/N,GEN-INT-S/N,S/N,S/N,TRANSCEPTORES PORTATEIS “HT” NOVOS,RESERVA
TRANSCEPTORES PORTATEIS “HT” NOVOS,GEN-PAT-S/N,GEN-INT-S/N,S/N,S/N,TRANSCEPTORES PORTATEIS “HT” NOVOS,RESERVA
TRANSCEPTORES PORTATEIS “HT” NOVOS,GEN-PAT-S/N,GEN-INT-S/N,S/N,S/N,TRANSCEPTORES PORTATEIS “HT” NOVOS,RESERVA
TRANSCEPTORES PORTATEIS “HT” NOVOS,GEN-PAT-S/N,GEN-INT-S/N,S/N,S/N,TRANSCEPTORES PORTATEIS “HT” NOVOS,RESERVA
TRANSCEPTORES PORTATEIS “HT” NOVOS,GEN-PAT-S/N,GEN-INT-S/N,S/N,S/N,TRANSCEPTORES PORTATEIS “HT” NOVOS,RESERVA
TRANSCEPTORES PORTATEIS “HT” NOVOS,GEN-PAT-S/N,GEN-INT-S/N,S/N,S/N,TRANSCEPTORES PORTATEIS “HT” NOVOS,RESERVA
TRANSCEPTORES PORTATEIS “HT” NOVOS,GEN-PAT-S/N,GEN-INT-S/N,S/N,S/N,TRANSCEPTORES PORTATEIS “HT” NOVOS,RESERVA
TRANSCEPTORES PORTATEIS “HT” NOVOS,GEN-PAT-S/N,GEN-INT-S/N,S/N,S/N,TRANSCEPTORES PORTATEIS “HT” NOVOS,RESERVA
TRANSCEPTORES PORTATEIS “HT” NOVOS,GEN-PAT-S/N,GEN-INT-S/N,S/N,S/N,TRANSCEPTORES PORTATEIS “HT” NOVOS,RESERVA
TRANSCEPTORES PORTATEIS “HT” NOVOS,GEN-PAT-S/N,GEN-INT-S/N,S/N,S/N,TRANSCEPTORES PORTATEIS “HT” NOVOS,RESERVA
TRANSCEPTORES PORTATEIS “HT” NOVOS,GEN-PAT-S/N,GEN-INT-S/N,S/N,S/N,TRANSCEPTORES PORTATEIS “HT” NOVOS,RESERVA
TRANSCEPTORES PORTATEIS “HT” NOVOS,GEN-PAT-S/N,GEN-INT-S/N,S/N,S/N,TRANSCEPTORES PORTATEIS “HT” NOVOS,RESERVA
TRANSCEPTORES PORTATEIS “HT” NOVOS,GEN-PAT-S/N,GEN-INT-S/N,S/N,S/N,TRANSCEPTORES PORTATEIS “HT” NOVOS,RESERVA
SMARTPHONE,GEN-PAT-02,GEN-INT-02,02,02,SMARTPHONE,RESERVA
SMARTPHONE,GEN-PAT-03,GEN-INT-03,03,03,SMARTPHONE,RESERVA
CELULARES,GEN-PAT-01,GEN-INT-01,01,01,CELULARES,RESERVA
CELULARES,GEN-PAT-02,GEN-INT-02,02,02,CELULARES,RESERVA
CELULARES,GEN-PAT-03,GEN-INT-03,03,03,CELULARES,RESERVA
CELULARES,GEN-PAT-04,GEN-INT-04,04,04,CELULARES,RESERVA
CELULARES,GEN-PAT-05,GEN-INT-05,05,05,CELULARES,RESERVA
CELULARES,GEN-PAT-06,GEN-INT-06,06,06,CELULARES,RESERVA
CELULARES,GEN-PAT-07,GEN-INT-07,07,07,CELULARES,RESERVA
CELULARES,GEN-PAT-08,GEN-INT-08,08,08,CELULARES,RESERVA
IMPRESSORAS,GEN-PAT-01,GEN-INT-01,01,01,IMPRESSORAS,RESERVA
IMPRESSORAS,GEN-PAT-02,GEN-INT-02,02,02,IMPRESSORAS,RESERVA
IMPRESSORAS,GEN-PAT-03,GEN-INT-03,03,03,IMPRESSORAS,RESERVA
IMPRESSORAS,GEN-PAT-04,GEN-INT-04,04,04,IMPRESSORAS,RESERVA
IMPRESSORAS,GEN-PAT-05,GEN-INT-05,05,05,IMPRESSORAS,RESERVA
IMPRESSORAS,GEN-PAT-06,GEN-INT-06,06,06,IMPRESSORAS,RESERVA
IMPRESSORAS,GEN-PAT-07,GEN-INT-07,07,07,IMPRESSORAS,RESERVA
IMPRESSORAS,GEN-PAT-08,GEN-INT-08,08,08,IMPRESSORAS,RESERVA
IMPRESSORAS,GEN-PAT-09,GEN-INT-09,09,09,IMPRESSORAS,RESERVA
IMPRESSORAS,GEN-PAT-10,GEN-INT-10,10,10,IMPRESSORAS,RESERVA
IMPRESSORAS,GEN-PAT-11,GEN-INT-11,11,11,IMPRESSORAS,RESERVA
IMPRESSORAS,GEN-PAT-12,GEN-INT-12,12,12,IMPRESSORAS,RESERVA
IMPRESSORAS,GEN-PAT-13,GEN-INT-13,13,13,IMPRESSORAS,RESERVA
IMPRESSORAS,GEN-PAT-14,GEN-INT-14,14,14,IMPRESSORAS,RESERVA
IMPRESSORAS,GEN-PAT-15,GEN-INT-15,15,15,IMPRESSORAS,RESERVA
IMPRESSORAS,GEN-PAT-16,GEN-INT-16,16,16,IMPRESSORAS,RESERVA
IMPRESSORAS,GEN-PAT-17,GEN-INT-17,17,17,IMPRESSORAS,RESERVA
IMPRESSORAS,GEN-PAT-18,GEN-INT-18,18,18,IMPRESSORAS,RESERVA
IMPRESSORAS,GEN-PAT-19,GEN-INT-19,19,19,IMPRESSORAS,RESERVA
IMPRESSORAS,GEN-PAT-20,GEN-INT-20,20,20,IMPRESSORAS,RESERVA
IMPRESSORAS,GEN-PAT-21,GEN-INT-21,21,21,IMPRESSORAS,RESERVA
IMPRESSORAS,GEN-PAT-22,GEN-INT-22,22,22,IMPRESSORAS,RESERVA
IMPRESSORAS,GEN-PAT-23,GEN-INT-23,23,23,IMPRESSORAS,RESERVA
IMPRESSORAS,GEN-PAT-24,GEN-INT-24,24,24,IMPRESSORAS,RESERVA
IMPRESSORAS,GEN-PAT-25,GEN-INT-25,25,25,IMPRESSORAS,RESERVA
IMPRESSORAS,GEN-PAT-26,GEN-INT-26,26,26,IMPRESSORAS,RESERVA
IMPRESSORAS,GEN-PAT-S/N,GEN-INT-S/N,S/N,S/N,IMPRESSORAS,
CARREGADOR TS9C 9MM,GEN-PAT-01,GEN-INT-01,01,01,CARREGADOR TS9C 9MM,TS9C
CARREGADOR MTR 9MM,GEN-PAT-01,GEN-INT-01,01,01,CARREGADOR MTR 9MM,976
CARREGADOR DAS PISTOLAS IMBEL .40,GEN-PAT-01,GEN-INT-01,01,01,CARREGADOR DAS PISTOLAS IMBEL .40,GCMD1
CARREGADOR DAS PISTOLAS PT 100 TAURUS .40,GEN-PAT-01,GEN-INT-01,01,01,CARREGADOR DAS PISTOLAS PT 100 TAURUS .40,PT 100
CARREGADOR DE FUZIL 762 mm,GEN-PAT-01,GEN-INT-01,01,01,CARREGADOR DE FUZIL 762 mm,PARAFAL
CARREGADOR DE FUZIL AR-10 CAL 762 mm,GEN-PAT-01,GEN-INT-01,01,01,CARREGADOR DE FUZIL AR-10 CAL 762 mm,AR-10
CARREGADOR DE FUZIL 556 mm,GEN-PAT-01,GEN-INT-01,01,01,CARREGADOR DE FUZIL 556 mm,5.56
CARREGADOR DE CARABINA CT – 40,GEN-PAT-01,GEN-INT-01,01,01,CARREGADOR DE CARABINA CT – 40,CARABINA
CARREGADOR DE CARABINA CT – 40,GEN-PAT-02,GEN-INT-02,02,02,CARREGADOR DE CARABINA CT – 40,CARABINA
CARREGADOR DE CARABINA SMT – 40,GEN-PAT-02,GEN-INT-02,02,02,CARREGADOR DE CARABINA SMT – 40,SMT 40
CARREGADOR 9MM,GEN-PAT-01,GEN-INT-01,01,01,CARREGADOR 9MM,G17/Gen5
CARREGADOR 9MM,GEN-PAT-02,GEN-INT-02,02,02,CARREGADOR 9MM,G19/Gen5
TONFAS E CACETETES,GEN-PAT-TONFAS,GEN-INT-TONFAS,TONFAS,TONFAS,TONFAS E CACETETES,SEM OBS
TONFAS E CACETETES,GEN-PAT-CASSETETES,GEN-INT-CASSETETES,CASSETETES,CASSETETES,TONFAS E CACETETES,SEM OBS
TONFAS E CACETETES,GEN-PAT-BASTÕES,GEN-INT-BASTÕES,BASTÕES,BASTÕES,TONFAS E CACETETES,SEM OBS
SEM OBS,GEN-PAT-65,GEN-INT-65,65,65,SEM OBS,NOVA COM DUAS CHAVES
DETECTORES DE METAL,GEN-PAT-01,GEN-INT-01,01,01,DETECTORES DE METAL,RESERVA
DETECTORES DE METAL,GEN-PAT-02,GEN-INT-02,02,02,DETECTORES DE METAL,RESERVA
